Model Name,Accuracy,Macro Precision,Macro Recall,Macro F1,ROC AUC
Logistic Regression,0.6569901547116737,0.6380906337024915,0.6288251697075039,0.6299076118494843,0.8117087450761403
Logistic Regression ROS,0.6541772151898734,0.6353757413293253,0.6901442937595554,0.6455772646221809,0.8068465277663227
Logistic Regression SMOTE,0.6566526019690576,0.6349722101979723,0.6813720362159259,0.644701133859127,0.8026697649951396
XGBoost,0.7456540084388186,0.7282019198267493,0.7379275199529504,0.7319048322883753,0.8921012199820636
XGBoost ROS,0.69929676511955,0.6773761343345702,0.7279630524111077,0.6910144687968357,0.8686141286800534
XGBoost SMOTE,0.5749085794655415,0.6339450911482455,0.6935442989967968,0.5722883571453229,0.8493041344477263
