Model Name,Accuracy,Macro Precision,Macro Recall,Macro F1,ROC AUC
Logistic Regression,0.6564838255977496,0.637381733207195,0.6290642287962819,0.6296677807787466,0.8113945706526628
Logistic Regression ROS,0.6544022503516175,0.6355966464739274,0.6903887998031278,0.6457845805717929,0.8064757323431766
Logistic Regression SMOTE,0.6564275668073136,0.6347588721534714,0.6812036704459931,0.6445227322190115,0.8025214529254514
Random Forest,0.8117580872011252,0.8046026900462264,0.8034442940764256,0.8035753324262308,0.9253950193197542
Random Forest ROS,0.7828410689170183,0.7620447582089166,0.7944682773126391,0.7754030441138839,0.91410254332414
Random Forest SMOTE,0.7266947960618847,0.7061056704208947,0.7660130047649426,0.7187234684667981,0.8898463537998712
XGBoost,0.7426722925457103,0.7244837566427669,0.7320632881127144,0.7273803017202486,0.8899814071722192
XGBoost ROS,0.6972151898734177,0.675530319131528,0.7283430547875879,0.689469470478377,0.8680125560220429
XGBoost SMOTE,0.5442475386779184,0.6309495672540225,0.6784932643942089,0.5366805322159185,0.8448307598452073
