name,accuracy,precision,recall,f1_score,roc_auc
MLP,0.7552742616033755,0.7431174453981032,0.7427854860888488,0.7419848215678554,0.8968920398745962
MLP_ROS,0.749198312236287,0.7336566021709766,0.7970163718407036,0.7485633128164845,0.902188893451301
MLP_SMOTE,0.7508860759493671,0.7276331843033897,0.7696991856391637,0.7430049138686535,0.8922948851548034
TabTransformer,0.7854852320675105,0.7711859631728147,0.7959496173309123,0.7813335603863028,0.9093225436969181
TabTransformer_ROS,0.7818284106891702,0.7640553767334953,0.8209883441963025,0.7809815750832764,0.912706214412149
TabTransformer_SMOTE,0.7766526019690576,0.760519312870894,0.7901600951350082,0.7714485484288952,0.9077417499285737
